./croped_image0/000000058.jpg,[1],0
./croped_image0/000000059.jpg,[1],25
./croped_image0/000000063.jpg,[1],50
./croped_image0/000000064.jpg,[1],75
./croped_image0/000000065.jpg,[1],100
./croped_image0/000000066.jpg,[1],125
./croped_image0/000000067.jpg,[1],150
./croped_image0/000000070.jpg,[1],175
./croped_image0/000000071.jpg,[1],200
./croped_image0/000000072.jpg,[1],225
./croped_image0/000000073.jpg,[1],250
./croped_image0/000000077.jpg,[1],275
./croped_image0/000000088.jpg,[1],300
./croped_image0/000000098.jpg,[1],325
./croped_image0/000000099.jpg,[1],350
./croped_image0/000000104.jpg,[1],375
./croped_image0/000000105.jpg,[1],400
./croped_image0/000000106.jpg,[1],425
./croped_image0/000000107.jpg,[1],450
./croped_image0/000000110.jpg,[1],475
./croped_image0/000000111.jpg,[1],500
./croped_image0/000000112.jpg,[1],525
./croped_image0/000000113.jpg,[1],550
./croped_image0/000000138.jpg,[1],575
./croped_image0/000000139.jpg,[1],600
./croped_image0/000000249.jpg,[1],625
./croped_image0/000000258.jpg,[1],650
./croped_image0/000000259.jpg,[1],675
./croped_image0/000000261.jpg,[1],700
./croped_image0/000000264.jpg,[1],725
./croped_image0/000000265.jpg,[1],750
./croped_image0/000000266.jpg,[1],775
./croped_image0/000000267.jpg,[1],800
./croped_image0/000000270.jpg,[1],825
./croped_image0/000000271.jpg,[1],850
./croped_image0/000000272.jpg,[1],875
./croped_image0/000000273.jpg,[1],900
./croped_image0/000000275.jpg,[1],925
./croped_image0/000000298.jpg,[1],950
./croped_image0/000000299.jpg,[1],975
./croped_image0/000000301.jpg,[1],1000
./croped_image0/000000304.jpg,[1],1025
./croped_image0/000000305.jpg,[1],1050
./croped_image0/000000306.jpg,[1],1075
./croped_image0/000000307.jpg,[1],1100
./croped_image0/000000310.jpg,[1],1125
./croped_image0/000000311.jpg,[1],1150
./croped_image0/000000312.jpg,[1],1175
./croped_image0/000000313.jpg,[1],1200
./croped_image0/000000315.jpg,[1],1225
./croped_image0/000000329.jpg,[1],1250
./croped_image0/000000338.jpg,[1],1275
./croped_image0/000000339.jpg,[1],1300
./croped_image0/000000448.jpg,[1],1325
./croped_image0/000000449.jpg,[1],1350
./croped_image0/000000460.jpg,[1],1375
./croped_image0/000000461.jpg,[1],1400
./croped_image0/000000462.jpg,[1],1425
./croped_image0/000000463.jpg,[1],1450
./croped_image0/000000467.jpg,[1],1475
./croped_image0/000000473.jpg,[1],1500
./croped_image0/000000474.jpg,[1],1525
./croped_image0/000000475.jpg,[1],1550
./croped_image0/000000476.jpg,[1],1575
./croped_image0/000000477.jpg,[1],1600
./croped_image0/000000488.jpg,[1],1625
./croped_image0/000000489.jpg,[1],1650
./croped_image0/000000498.jpg,[1],1675
./croped_image0/000000500.jpg,[1],1700
./croped_image0/000000501.jpg,[1],1725
./croped_image0/000000502.jpg,[1],1750
./croped_image0/000000503.jpg,[1],1775
./croped_image0/000000507.jpg,[1],1800
./croped_image0/000000513.jpg,[1],1825
./croped_image0/000000514.jpg,[1],1850
./croped_image0/000000515.jpg,[1],1875
./croped_image0/000000516.jpg,[1],1900
./croped_image0/000000517.jpg,[1],1925
./croped_image0/000000528.jpg,[1],1950
./croped_image0/000000529.jpg,[1],1975
./croped_image0/000000648.jpg,[1],2000
./croped_image0/000000649.jpg,[1],2025
./croped_image0/000000660.jpg,[1],2050
./croped_image0/000000661.jpg,[1],2075
./croped_image0/000000662.jpg,[1],2100
./croped_image0/000000663.jpg,[1],2125
./croped_image0/000000674.jpg,[1],2150
./croped_image0/000000675.jpg,[1],2175
./croped_image0/000000676.jpg,[1],2200
./croped_image0/000000677.jpg,[1],2225
./croped_image0/000000688.jpg,[1],2250
./croped_image0/000000689.jpg,[1],2275
./croped_image0/000000700.jpg,[1],2300
./croped_image0/000000701.jpg,[1],2325
./croped_image0/000000702.jpg,[1],2350
./croped_image0/000000703.jpg,[1],2375
./croped_image0/000000705.jpg,[1],2400
./croped_image0/000000711.jpg,[1],2425
./croped_image0/000000714.jpg,[1],2450
./croped_image0/000000715.jpg,[1],2475
./croped_image0/000000716.jpg,[1],2500
./croped_image0/000000717.jpg,[1],2525
./croped_image0/000000728.jpg,[1],2550
./croped_image0/000000729.jpg,[1],2575
./croped_image0/000000739.jpg,[1],2600
./croped_image0/000000844.jpg,[1],2625
./croped_image0/000000845.jpg,[1],2650
./croped_image0/000000846.jpg,[1],2675
./croped_image0/000000847.jpg,[1],2700
./croped_image0/000000850.jpg,[1],2725
./croped_image0/000000851.jpg,[1],2750
./croped_image0/000000852.jpg,[1],2775
./croped_image0/000000853.jpg,[1],2800
./croped_image0/000000856.jpg,[1],2825
./croped_image0/000000878.jpg,[1],2850
./croped_image0/000000879.jpg,[1],2875
./croped_image0/000000884.jpg,[1],2900
./croped_image0/000000885.jpg,[1],2925
./croped_image0/000000886.jpg,[1],2950
./croped_image0/000000887.jpg,[1],2975
./croped_image0/000000890.jpg,[1],3000
./croped_image0/000000891.jpg,[1],3025
./croped_image0/000000892.jpg,[1],3050
./croped_image0/000000893.jpg,[1],3075
./croped_image0/000000918.jpg,[1],3100
./croped_image0/000000919.jpg,[1],3125
./croped_image0/000000922.jpg,[1],3150
./croped_image0/000000924.jpg,[1],3175
./croped_image0/000000925.jpg,[1],3200
./croped_image0/000000926.jpg,[1],3225
./croped_image0/000000927.jpg,[1],3250
./croped_image0/000000930.jpg,[1],3275
./croped_image0/000000931.jpg,[1],3300
./croped_image0/000000932.jpg,[1],3325
./croped_image0/000000933.jpg,[1],3350
./croped_image0/000000936.jpg,[1],3375
./croped_image0/000001018.jpg,[1],3400
./croped_image0/000001019.jpg,[1],3425
./croped_image0/000001023.jpg,[1],3450
./croped_image0/000001024.jpg,[1],3475
./croped_image0/000001025.jpg,[1],3500
./croped_image0/000001026.jpg,[1],3525
./croped_image0/000001027.jpg,[1],3550
./croped_image0/000001030.jpg,[1],3575
./croped_image0/000001031.jpg,[1],3600
./croped_image0/000001032.jpg,[1],3625
./croped_image0/000001033.jpg,[1],3650
./croped_image0/000001037.jpg,[1],3675
./croped_image0/000001143.jpg,[1],3700
./croped_image0/000001144.jpg,[1],3725
./croped_image0/000001145.jpg,[1],3750
./croped_image0/000001146.jpg,[1],3775
./croped_image0/000001147.jpg,[1],3800
./croped_image0/000001150.jpg,[1],3825
./croped_image0/000001151.jpg,[1],3850
./croped_image0/000001152.jpg,[1],3875
./croped_image0/000001153.jpg,[1],3900
./croped_image0/000001157.jpg,[1],3925
./croped_image0/000001178.jpg,[1],3950
./croped_image0/000001179.jpg,[1],3975
./croped_image0/000001180.jpg,[1],4000
./croped_image0/000001184.jpg,[1],4025
./croped_image0/000001185.jpg,[1],4050
./croped_image0/000001186.jpg,[1],4075
./croped_image0/000001187.jpg,[1],4100
./croped_image0/000001190.jpg,[1],4125
./croped_image0/000001191.jpg,[1],4150
./croped_image0/000001192.jpg,[1],4175
./croped_image0/000001193.jpg,[1],4200
./croped_image0/000001194.jpg,[1],4225
./croped_image0/000001218.jpg,[1],4250
./croped_image0/000001219.jpg,[1],4275
./croped_image0/000001224.jpg,[1],4300
./croped_image0/000001225.jpg,[1],4325
./croped_image0/000001226.jpg,[1],4350
./croped_image0/000001227.jpg,[1],4375
./croped_image0/000001230.jpg,[1],4400
./croped_image0/000001231.jpg,[1],4425
./croped_image0/000001232.jpg,[1],4450
./croped_image0/000001233.jpg,[1],4475
./croped_image0/000001341.jpg,[1],4500
./croped_image0/000001344.jpg,[1],4525
./croped_image0/000001345.jpg,[1],4550
./croped_image0/000001346.jpg,[1],4575
./croped_image0/000001347.jpg,[1],4600
./croped_image0/000001350.jpg,[1],4625
./croped_image0/000001351.jpg,[1],4650
./croped_image0/000001352.jpg,[1],4675
./croped_image0/000001353.jpg,[1],4700
./croped_image0/000001355.jpg,[1],4725
./croped_image0/000001369.jpg,[1],4750
./croped_image0/000001378.jpg,[1],4775
./croped_image0/000001379.jpg,[1],4800
./croped_image0/000001382.jpg,[1],4825
./croped_image0/000001384.jpg,[1],4850
./croped_image0/000001385.jpg,[1],4875
./croped_image0/000001386.jpg,[1],4900
./croped_image0/000001387.jpg,[1],4925
./croped_image0/000001390.jpg,[1],4950
./croped_image0/000001391.jpg,[1],4975
./croped_image0/000001392.jpg,[1],5000
./croped_image0/000001393.jpg,[1],5025
./croped_image0/000001396.jpg,[1],5050
./croped_image0/000001408.jpg,[1],5075
./croped_image0/000001409.jpg,[1],5100
./croped_image0/000001420.jpg,[1],5125
./croped_image0/000001421.jpg,[1],5150
./croped_image0/000001422.jpg,[1],5175
./croped_image0/000001423.jpg,[1],5200
./croped_image0/000001427.jpg,[1],5225
./croped_image0/000001433.jpg,[1],5250
./croped_image0/000001434.jpg,[1],5275
./croped_image0/000001435.jpg,[1],5300
./croped_image0/000001436.jpg,[1],5325
./croped_image0/000001437.jpg,[1],5350
./croped_image0/000001540.jpg,[1],5375
./croped_image0/000001541.jpg,[1],5400
./croped_image0/000001542.jpg,[1],5425
./croped_image0/000001543.jpg,[1],5450
./croped_image0/000001554.jpg,[1],5475
./croped_image0/000001555.jpg,[1],5500
./croped_image0/000001556.jpg,[1],5525
./croped_image0/000001557.jpg,[1],5550
./croped_image0/000001568.jpg,[1],5575
./croped_image0/000001569.jpg,[1],5600
./croped_image0/000001580.jpg,[1],5625
./croped_image0/000001581.jpg,[1],5650
./croped_image0/000001582.jpg,[1],5675
./croped_image0/000001583.jpg,[1],5700
./croped_image0/000001590.jpg,[1],5725
./croped_image0/000001594.jpg,[1],5750
./croped_image0/000001595.jpg,[1],5775
./croped_image0/000001596.jpg,[1],5800
./croped_image0/000001597.jpg,[1],5825
./croped_image0/000001608.jpg,[1],5850
./croped_image0/000001609.jpg,[1],5875
./croped_image0/000001619.jpg,[1],5900
./croped_image0/000001620.jpg,[1],5925
./croped_image0/000001621.jpg,[1],5950
./croped_image0/000001622.jpg,[1],5975
./croped_image0/000001623.jpg,[1],6000
./croped_image0/000001625.jpg,[1],6025
./croped_image0/000001631.jpg,[1],6050
./croped_image0/000001634.jpg,[1],6075
./croped_image0/000001635.jpg,[1],6100
./croped_image0/000001636.jpg,[1],6125
./croped_image0/000001637.jpg,[1],6150
./croped_image0/000001740.jpg,[1],6175
./croped_image0/000001741.jpg,[1],6200
./croped_image0/000001742.jpg,[1],6225
./croped_image0/000001743.jpg,[1],6250
./croped_image0/000001745.jpg,[1],6275
./croped_image0/000001751.jpg,[1],6300
./croped_image0/000001754.jpg,[1],6325
./croped_image0/000001755.jpg,[1],6350
./croped_image0/000001756.jpg,[1],6375
./croped_image0/000001757.jpg,[1],6400
./croped_image0/000001768.jpg,[1],6425
./croped_image0/000001769.jpg,[1],6450
./croped_image0/000001779.jpg,[1],6475
./croped_image0/000001780.jpg,[1],6500
./croped_image0/000001781.jpg,[1],6525
./croped_image0/000001782.jpg,[1],6550
./croped_image0/000001783.jpg,[1],6575
./croped_image0/000001786.jpg,[1],6600
./croped_image0/000001792.jpg,[1],6625
./croped_image0/000001794.jpg,[1],6650
./croped_image0/000001795.jpg,[1],6675
./croped_image0/000001796.jpg,[1],6700
./croped_image0/000001797.jpg,[1],6725
./croped_image0/000001802.jpg,[1],6750
./croped_image0/000001804.jpg,[1],6775
./croped_image0/000001805.jpg,[1],6800
./croped_image0/000001806.jpg,[1],6825
./croped_image0/000001807.jpg,[1],6850
./croped_image0/000001810.jpg,[1],6875
./croped_image0/000001811.jpg,[1],6900
./croped_image0/000001812.jpg,[1],6925
./croped_image0/000001813.jpg,[1],6950
./croped_image0/000001816.jpg,[1],6975
./croped_image0/000001838.jpg,[1],7000
./croped_image0/000001839.jpg,[1],7025
./croped_image0/000001958.jpg,[1],7050
./croped_image0/000001959.jpg,[1],7075
./croped_image0/000001962.jpg,[1],7100
./croped_image0/000001964.jpg,[1],7125
./croped_image0/000001965.jpg,[1],7150
./croped_image0/000001966.jpg,[1],7175
./croped_image0/000001967.jpg,[1],7200
./croped_image0/000001970.jpg,[1],7225
./croped_image0/000001971.jpg,[1],7250
./croped_image0/000001972.jpg,[1],7275
./croped_image0/000001973.jpg,[1],7300
./croped_image0/000001976.jpg,[1],7325
./croped_image0/000001989.jpg,[1],7350
./croped_image0/000001998.jpg,[1],7375
./croped_image0/000001999.jpg,[1],7400
./croped_image0/000002048.jpg,[1],7425
./croped_image0/000002049.jpg,[1],7450
./croped_image0/000002060.jpg,[1],7475
./croped_image0/000002061.jpg,[1],7500
./croped_image0/000002062.jpg,[1],7525
./croped_image0/000002063.jpg,[1],7550
./croped_image0/000002074.jpg,[1],7575
./croped_image0/000002075.jpg,[1],7600
./croped_image0/000002076.jpg,[1],7625
./croped_image0/000002077.jpg,[1],7650
./croped_image0/000002088.jpg,[1],7675
./croped_image0/000002089.jpg,[1],7700
./croped_image0/000002099.jpg,[1],7725
./croped_image0/000002100.jpg,[1],7750
./croped_image0/000002101.jpg,[1],7775
./croped_image0/000002102.jpg,[1],7800
./croped_image0/000002103.jpg,[1],7825
./croped_image0/000002106.jpg,[1],7850
./croped_image0/000002112.jpg,[1],7875
./croped_image0/000002114.jpg,[1],7900
./croped_image0/000002115.jpg,[1],7925
./croped_image0/000002116.jpg,[1],7950
./croped_image0/000002117.jpg,[1],7975
./croped_image0/000002128.jpg,[1],8000
./croped_image0/000002129.jpg,[1],8025
./croped_image0/000002248.jpg,[1],8050
./croped_image0/000002249.jpg,[1],8075
./croped_image0/000002258.jpg,[1],8100
./croped_image0/000002260.jpg,[1],8125
./croped_image0/000002261.jpg,[1],8150
./croped_image0/000002262.jpg,[1],8175
./croped_image0/000002263.jpg,[1],8200
./croped_image0/000002264.jpg,[1],8225
./croped_image0/000002270.jpg,[1],8250
./croped_image0/000002274.jpg,[1],8275
./croped_image0/000002275.jpg,[1],8300
./croped_image0/000002276.jpg,[1],8325
./croped_image0/000002277.jpg,[1],8350
./croped_image0/000002288.jpg,[1],8375
./croped_image0/000002289.jpg,[1],8400
./croped_image0/000002300.jpg,[1],8425
./croped_image0/000002301.jpg,[1],8450
./croped_image0/000002302.jpg,[1],8475
./croped_image0/000002303.jpg,[1],8500
./croped_image0/000002304.jpg,[1],8525
./croped_image0/000002310.jpg,[1],8550
./croped_image0/000002314.jpg,[1],8575
./croped_image0/000002315.jpg,[1],8600
./croped_image0/000002316.jpg,[1],8625
./croped_image0/000002317.jpg,[1],8650
./croped_image0/000002328.jpg,[1],8675
./croped_image0/000002329.jpg,[1],8700
./croped_image0/000002338.jpg,[1],8725
./croped_image0/000002458.jpg,[1],8750
./croped_image0/000002459.jpg,[1],8775
./croped_image0/000002462.jpg,[1],8800
./croped_image0/000002464.jpg,[1],8825
./croped_image0/000002465.jpg,[1],8850
./croped_image0/000002466.jpg,[1],8875
./croped_image0/000002467.jpg,[1],8900
./croped_image0/000002470.jpg,[1],8925
./croped_image0/000002471.jpg,[1],8950
./croped_image0/000002472.jpg,[1],8975
./croped_image0/000002473.jpg,[1],9000
./croped_image0/000002476.jpg,[1],9025
./croped_image0/000002489.jpg,[1],9050
./croped_image0/000002498.jpg,[1],9075
./croped_image0/000002499.jpg,[1],9100
./croped_image0/000002502.jpg,[1],9125
./croped_image0/000002504.jpg,[1],9150
./croped_image0/000002505.jpg,[1],9175
./croped_image0/000002506.jpg,[1],9200
./croped_image0/000002507.jpg,[1],9225
./croped_image0/000002510.jpg,[1],9250
./croped_image0/000002511.jpg,[1],9275
./croped_image0/000002512.jpg,[1],9300
./croped_image0/000002513.jpg,[1],9325
./croped_image0/000002516.jpg,[1],9350
./croped_image0/000002538.jpg,[1],9375
./croped_image0/000002539.jpg,[1],9400
./croped_image0/000002648.jpg,[1],9425
./croped_image0/000002658.jpg,[1],9450
./croped_image0/000002659.jpg,[1],9475
./croped_image0/000002660.jpg,[1],9500
./croped_image0/000002664.jpg,[1],9525
./croped_image0/000002665.jpg,[1],9550
./croped_image0/000002666.jpg,[1],9575
./croped_image0/000002667.jpg,[1],9600
./croped_image0/000002670.jpg,[1],9625
./croped_image0/000002671.jpg,[1],9650
./croped_image0/000002672.jpg,[1],9675
./croped_image0/000002673.jpg,[1],9700
./croped_image0/000002674.jpg,[1],9725
./croped_image0/000002698.jpg,[1],9750
./croped_image0/000002699.jpg,[1],9775
./croped_image0/000002704.jpg,[1],9800
./croped_image0/000002705.jpg,[1],9825
./croped_image0/000002706.jpg,[1],9850
./croped_image0/000002707.jpg,[1],9875
./croped_image0/000002710.jpg,[1],9900
./croped_image0/000002711.jpg,[1],9925
./croped_image0/000002712.jpg,[1],9950
./croped_image0/000002713.jpg,[1],9975
./croped_image0/000002738.jpg,[1],10000
./croped_image0/000002739.jpg,[1],10025
./croped_image0/000002840.jpg,[1],10050
./croped_image0/000002841.jpg,[1],10075
./croped_image0/000002842.jpg,[1],10100
./croped_image0/000002843.jpg,[1],10125
./croped_image0/000002847.jpg,[1],10150
./croped_image0/000002853.jpg,[1],10175
./croped_image0/000002854.jpg,[1],10200
./croped_image0/000002855.jpg,[1],10225
./croped_image0/000002856.jpg,[1],10250
./croped_image0/000002857.jpg,[1],10275
./croped_image0/000002868.jpg,[1],10300
./croped_image0/000002869.jpg,[1],10325
./croped_image0/000002880.jpg,[1],10350
./croped_image0/000002881.jpg,[1],10375
./croped_image0/000002882.jpg,[1],10400
./croped_image0/000002883.jpg,[1],10425
./croped_image0/000002884.jpg,[1],10450
./croped_image0/000002890.jpg,[1],10475
./croped_image0/000002894.jpg,[1],10500
./croped_image0/000002895.jpg,[1],10525
./croped_image0/000002896.jpg,[1],10550
./croped_image0/000002897.jpg,[1],10575
./croped_image0/000002908.jpg,[1],10600
./croped_image0/000002909.jpg,[1],10625
./croped_image0/000002920.jpg,[1],10650
./croped_image0/000002921.jpg,[1],10675
./croped_image0/000002922.jpg,[1],10700
./croped_image0/000002923.jpg,[1],10725
./croped_image0/000002927.jpg,[1],10750
./croped_image0/000002934.jpg,[1],10775
./croped_image0/000002935.jpg,[1],10800
./croped_image0/000002936.jpg,[1],10825
./croped_image0/000002937.jpg,[1],10850
./croped_image0/000003008.jpg,[1],10875
./croped_image0/000003009.jpg,[1],10900
./croped_image0/000003020.jpg,[1],10925
./croped_image0/000003021.jpg,[1],10950
./croped_image0/000003022.jpg,[1],10975
./croped_image0/000003023.jpg,[1],11000
./croped_image0/000003026.jpg,[1],11025
./croped_image0/000003032.jpg,[1],11050
./croped_image0/000003034.jpg,[1],11075
./croped_image0/000003035.jpg,[1],11100
./croped_image0/000003036.jpg,[1],11125
./croped_image0/000003037.jpg,[1],11150
./croped_image0/000003140.jpg,[1],11175
./croped_image0/000003141.jpg,[1],11200
./croped_image0/000003142.jpg,[1],11225
./croped_image0/000003143.jpg,[1],11250
./croped_image0/000003146.jpg,[1],11275
./croped_image0/000003152.jpg,[1],11300
./croped_image0/000003154.jpg,[1],11325
./croped_image0/000003155.jpg,[1],11350
./croped_image0/000003156.jpg,[1],11375
./croped_image0/000003157.jpg,[1],11400
./croped_image0/000003168.jpg,[1],11425
./croped_image0/000003169.jpg,[1],11450
./croped_image0/000003180.jpg,[1],11475
./croped_image0/000003181.jpg,[1],11500
./croped_image0/000003182.jpg,[1],11525
./croped_image0/000003183.jpg,[1],11550
./croped_image0/000003185.jpg,[1],11575
./croped_image0/000003191.jpg,[1],11600
./croped_image0/000003194.jpg,[1],11625
./croped_image0/000003195.jpg,[1],11650
./croped_image0/000003196.jpg,[1],11675
./croped_image0/000003197.jpg,[1],11700
./croped_image0/000003208.jpg,[1],11725
./croped_image0/000003209.jpg,[1],11750
./croped_image0/000003218.jpg,[1],11775
./croped_image0/000003220.jpg,[1],11800
./croped_image0/000003221.jpg,[1],11825
./croped_image0/000003222.jpg,[1],11850
./croped_image0/000003223.jpg,[1],11875
./croped_image0/000003224.jpg,[1],11900
./croped_image0/000003230.jpg,[1],11925
./croped_image0/000003234.jpg,[1],11950
./croped_image0/000003235.jpg,[1],11975
./croped_image0/000003236.jpg,[1],12000
./croped_image0/000003237.jpg,[1],12025
./croped_image0/000003340.jpg,[1],12050
./croped_image0/000003341.jpg,[1],12075
./croped_image0/000003342.jpg,[1],12100
./croped_image0/000003343.jpg,[1],12125
./croped_image0/000003354.jpg,[1],12150
./croped_image0/000003355.jpg,[1],12175
./croped_image0/000003356.jpg,[1],12200
./croped_image0/000003357.jpg,[1],12225
./croped_image0/000003368.jpg,[1],12250
./croped_image0/000003369.jpg,[1],12275
./croped_image0/000003380.jpg,[1],12300
./croped_image0/000003381.jpg,[1],12325
./croped_image0/000003382.jpg,[1],12350
./croped_image0/000003383.jpg,[1],12375
./croped_image0/000003387.jpg,[1],12400
./croped_image0/000003394.jpg,[1],12425
./croped_image0/000003395.jpg,[1],12450
./croped_image0/000003396.jpg,[1],12475
./croped_image0/000003397.jpg,[1],12500
./croped_image0/000003418.jpg,[1],12525
./croped_image0/000003419.jpg,[1],12550
./croped_image0/000003424.jpg,[1],12575
./croped_image0/000003425.jpg,[1],12600
./croped_image0/000003426.jpg,[1],12625
./croped_image0/000003427.jpg,[1],12650
./croped_image0/000003430.jpg,[1],12675
./croped_image0/000003431.jpg,[1],12700
./croped_image0/000003432.jpg,[1],12725
./croped_image0/000003433.jpg,[1],12750
./croped_image0/000003542.jpg,[1],12775
./croped_image0/000003544.jpg,[1],12800
./croped_image0/000003545.jpg,[1],12825
./croped_image0/000003546.jpg,[1],12850
./croped_image0/000003547.jpg,[1],12875
./croped_image0/000003550.jpg,[1],12900
./croped_image0/000003551.jpg,[1],12925
./croped_image0/000003552.jpg,[1],12950
./croped_image0/000003553.jpg,[1],12975
./croped_image0/000003556.jpg,[1],13000
./croped_image0/000003578.jpg,[1],13025
./croped_image0/000003579.jpg,[1],13050
./croped_image0/000003581.jpg,[1],13075
./croped_image0/000003584.jpg,[1],13100
./croped_image0/000003585.jpg,[1],13125
./croped_image0/000003586.jpg,[1],13150
./croped_image0/000003587.jpg,[1],13175
./croped_image0/000003590.jpg,[1],13200
./croped_image0/000003591.jpg,[1],13225
./croped_image0/000003592.jpg,[1],13250
./croped_image0/000003593.jpg,[1],13275
./croped_image0/000003595.jpg,[1],13300
./croped_image0/000003608.jpg,[1],13325
./croped_image0/000003618.jpg,[1],13350
./croped_image0/000003619.jpg,[1],13375
./croped_image0/000003620.jpg,[1],13400
./croped_image0/000003624.jpg,[1],13425
./croped_image0/000003625.jpg,[1],13450
./croped_image0/000003626.jpg,[1],13475
./croped_image0/000003627.jpg,[1],13500
./croped_image0/000003630.jpg,[1],13525
./croped_image0/000003631.jpg,[1],13550
./croped_image0/000003632.jpg,[1],13575
./croped_image0/000003633.jpg,[1],13600
./croped_image0/000003634.jpg,[1],13625
./croped_image0/000003740.jpg,[1],13650
./croped_image0/000003744.jpg,[1],13675
./croped_image0/000003745.jpg,[1],13700
./croped_image0/000003746.jpg,[1],13725
./croped_image0/000003747.jpg,[1],13750
./croped_image0/000003750.jpg,[1],13775
./croped_image0/000003751.jpg,[1],13800
./croped_image0/000003752.jpg,[1],13825
./croped_image0/000003753.jpg,[1],13850
./croped_image0/000003754.jpg,[1],13875
./croped_image0/000003768.jpg,[1],13900
./croped_image0/000003778.jpg,[1],13925
./croped_image0/000003779.jpg,[1],13950
./croped_image0/000003783.jpg,[1],13975
./croped_image0/000003784.jpg,[1],14000
./croped_image0/000003785.jpg,[1],14025
./croped_image0/000003786.jpg,[1],14050
./croped_image0/000003787.jpg,[1],14075
./croped_image0/000003790.jpg,[1],14100
./croped_image0/000003791.jpg,[1],14125
./croped_image0/000003792.jpg,[1],14150
./croped_image0/000003793.jpg,[1],14175
./croped_image0/000003797.jpg,[1],14200
./croped_image0/000003800.jpg,[1],14225
./croped_image0/000003801.jpg,[1],14250
./croped_image0/000003802.jpg,[1],14275
./croped_image0/000003803.jpg,[1],14300
./croped_image0/000003807.jpg,[1],14325
./croped_image0/000003813.jpg,[1],14350
./croped_image0/000003814.jpg,[1],14375
./croped_image0/000003815.jpg,[1],14400
./croped_image0/000003816.jpg,[1],14425
./croped_image0/000003817.jpg,[1],14450
./croped_image0/000003828.jpg,[1],14475
./croped_image0/000003829.jpg,[1],14500
./croped_image0/000003948.jpg,[1],14525
./croped_image0/000003949.jpg,[1],14550
./croped_image0/000003960.jpg,[1],14575
./croped_image0/000003961.jpg,[1],14600
./croped_image0/000003962.jpg,[1],14625
./croped_image0/000003963.jpg,[1],14650
./croped_image0/000003967.jpg,[1],14675
./croped_image0/000003973.jpg,[1],14700
./croped_image0/000003974.jpg,[1],14725
./croped_image0/000003975.jpg,[1],14750
./croped_image0/000003976.jpg,[1],14775
./croped_image0/000003977.jpg,[1],14800
./croped_image0/000003988.jpg,[1],14825
./croped_image0/000003989.jpg,[1],14850
./croped_image0/000003998.jpg,[1],14875
./croped_image0/000004000.jpg,[1],14900
./croped_image0/000004001.jpg,[1],14925
./croped_image0/000004002.jpg,[1],14950
./croped_image0/000004003.jpg,[1],14975
./croped_image0/000004007.jpg,[1],15000
./croped_image0/000004013.jpg,[1],15025
./croped_image0/000004014.jpg,[1],15050
./croped_image0/000004015.jpg,[1],15075
./croped_image0/000004016.jpg,[1],15100
./croped_image0/000004017.jpg,[1],15125
./croped_image0/000004028.jpg,[1],15150
./croped_image0/000004029.jpg,[1],15175
./croped_image0/000004148.jpg,[1],15200
./croped_image0/000004149.jpg,[1],15225
./croped_image0/000004160.jpg,[1],15250
./croped_image0/000004161.jpg,[1],15275
./croped_image0/000004162.jpg,[1],15300
./croped_image0/000004163.jpg,[1],15325
./croped_image0/000004167.jpg,[1],15350
./croped_image0/000004173.jpg,[1],15375
./croped_image0/000004174.jpg,[1],15400
./croped_image0/000004175.jpg,[1],15425
./croped_image0/000004176.jpg,[1],15450
./croped_image0/000004177.jpg,[1],15475
./croped_image0/000004188.jpg,[1],15500
./croped_image0/000004189.jpg,[1],15525
./croped_image0/000004198.jpg,[1],15550
./croped_image0/000004200.jpg,[1],15575
./croped_image0/000004201.jpg,[1],15600
./croped_image0/000004202.jpg,[1],15625
./croped_image0/000004203.jpg,[1],15650
./croped_image0/000004205.jpg,[1],15675
./croped_image0/000004211.jpg,[1],15700
./croped_image0/000004214.jpg,[1],15725
./croped_image0/000004215.jpg,[1],15750
./croped_image0/000004216.jpg,[1],15775
./croped_image0/000004217.jpg,[1],15800
./croped_image0/000004228.jpg,[1],15825
./croped_image0/000004229.jpg,[1],15850
./croped_image0/000004239.jpg,[1],15875
./croped_image0/000004348.jpg,[1],15900
./croped_image0/000004349.jpg,[1],15925
./croped_image0/000004360.jpg,[1],15950
./croped_image0/000004361.jpg,[1],15975
./croped_image0/000004362.jpg,[1],16000
./croped_image0/000004363.jpg,[1],16025
./croped_image0/000004374.jpg,[1],16050
./croped_image0/000004375.jpg,[1],16075
./croped_image0/000004376.jpg,[1],16100
./croped_image0/000004377.jpg,[1],16125
./croped_image0/000004388.jpg,[1],16150
./croped_image0/000004389.jpg,[1],16175
./croped_image0/000004404.jpg,[1],16200
./croped_image0/000004405.jpg,[1],16225
./croped_image0/000004406.jpg,[1],16250
./croped_image0/000004407.jpg,[1],16275
./croped_image0/000004410.jpg,[1],16300
./croped_image0/000004411.jpg,[1],16325
./croped_image0/000004412.jpg,[1],16350
./croped_image0/000004413.jpg,[1],16375
./croped_image0/000004438.jpg,[1],16400
./croped_image0/000004439.jpg,[1],16425
./croped_image0/000004558.jpg,[1],16450
./croped_image0/000004559.jpg,[1],16475
./croped_image0/000004563.jpg,[1],16500
./croped_image0/000004564.jpg,[1],16525
./croped_image0/000004565.jpg,[1],16550
./croped_image0/000004566.jpg,[1],16575
./croped_image0/000004567.jpg,[1],16600
./croped_image0/000004570.jpg,[1],16625
./croped_image0/000004571.jpg,[1],16650
./croped_image0/000004572.jpg,[1],16675
./croped_image0/000004573.jpg,[1],16700
./croped_image0/000004577.jpg,[1],16725
./croped_image0/000004588.jpg,[1],16750
./croped_image0/000004598.jpg,[1],16775
./croped_image0/000004599.jpg,[1],16800
./croped_image0/000004601.jpg,[1],16825
./croped_image0/000004604.jpg,[1],16850
./croped_image0/000004605.jpg,[1],16875
./croped_image0/000004606.jpg,[1],16900
./croped_image0/000004607.jpg,[1],16925
./croped_image0/000004610.jpg,[1],16950
./croped_image0/000004611.jpg,[1],16975
./croped_image0/000004612.jpg,[1],17000
./croped_image0/000004613.jpg,[1],17025
./croped_image0/000004615.jpg,[1],17050
./croped_image0/000004629.jpg,[1],17075
./croped_image0/000004638.jpg,[1],17100
./croped_image0/000004639.jpg,[1],17125
./croped_image0/000004749.jpg,[1],17150
./croped_image0/000004758.jpg,[1],17175
./croped_image0/000004759.jpg,[1],17200
./croped_image0/000004761.jpg,[1],17225
./croped_image0/000004764.jpg,[1],17250
./croped_image0/000004765.jpg,[1],17275
./croped_image0/000004766.jpg,[1],17300
./croped_image0/000004767.jpg,[1],17325
./croped_image0/000004770.jpg,[1],17350
./croped_image0/000004771.jpg,[1],17375
./croped_image0/000004772.jpg,[1],17400
./croped_image0/000004773.jpg,[1],17425
./croped_image0/000004775.jpg,[1],17450
./croped_image0/000004798.jpg,[1],17475
./croped_image0/000004799.jpg,[1],17500
./croped_image0/000004808.jpg,[1],17525
./croped_image0/000004809.jpg,[1],17550
./croped_image0/000004820.jpg,[1],17575
./croped_image0/000004821.jpg,[1],17600
./croped_image0/000004822.jpg,[1],17625
./croped_image0/000004823.jpg,[1],17650
./croped_image0/000004826.jpg,[1],17675
./croped_image0/000004832.jpg,[1],17700
./croped_image0/000004834.jpg,[1],17725
./croped_image0/000004835.jpg,[1],17750
./croped_image0/000004836.jpg,[1],17775
./croped_image0/000004837.jpg,[1],17800
./croped_image0/000004940.jpg,[1],17825
./croped_image0/000004941.jpg,[1],17850
./croped_image0/000004942.jpg,[1],17875
./croped_image0/000004943.jpg,[1],17900
./croped_image0/000004946.jpg,[1],17925
./croped_image0/000004952.jpg,[1],17950
./croped_image0/000004954.jpg,[1],17975
./croped_image0/000004955.jpg,[1],18000
./croped_image0/000004956.jpg,[1],18025
./croped_image0/000004957.jpg,[1],18050
./croped_image0/000004968.jpg,[1],18075
./croped_image0/000004969.jpg,[1],18100
./croped_image0/000004980.jpg,[1],18125
./croped_image0/000004981.jpg,[1],18150
./croped_image0/000004982.jpg,[1],18175
./croped_image0/000004983.jpg,[1],18200
./croped_image0/000004985.jpg,[1],18225
./croped_image0/000004991.jpg,[1],18250
./croped_image0/000004994.jpg,[1],18275
./croped_image0/000004995.jpg,[1],18300
./croped_image0/000004996.jpg,[1],18325
./croped_image0/000004997.jpg,[1],18350
./croped_image0/000005040.jpg,[1],18375
./croped_image0/000005041.jpg,[1],18400
./croped_image0/000005042.jpg,[1],18425
./croped_image0/000005043.jpg,[1],18450
./croped_image0/000005054.jpg,[1],18475
./croped_image0/000005055.jpg,[1],18500
./croped_image0/000005056.jpg,[1],18525
./croped_image0/000005057.jpg,[1],18550
./croped_image0/000005068.jpg,[1],18575
./croped_image0/000005069.jpg,[1],18600
./croped_image0/000005080.jpg,[1],18625
./croped_image0/000005081.jpg,[1],18650
./croped_image0/000005082.jpg,[1],18675
./croped_image0/000005083.jpg,[1],18700
./croped_image0/000005090.jpg,[1],18725
./croped_image0/000005094.jpg,[1],18750
./croped_image0/000005095.jpg,[1],18775
./croped_image0/000005096.jpg,[1],18800
./croped_image0/000005097.jpg,[1],18825
./croped_image0/000005108.jpg,[1],18850
./croped_image0/000005109.jpg,[1],18875
./croped_image0/000005120.jpg,[1],18900
./croped_image0/000005121.jpg,[1],18925
./croped_image0/000005122.jpg,[1],18950
./croped_image0/000005123.jpg,[1],18975
./croped_image0/000005127.jpg,[1],19000
./croped_image0/000005133.jpg,[1],19025
./croped_image0/000005134.jpg,[1],19050
./croped_image0/000005135.jpg,[1],19075
./croped_image0/000005136.jpg,[1],19100
./croped_image0/000005137.jpg,[1],19125
./croped_image0/000005240.jpg,[1],19150
./croped_image0/000005241.jpg,[1],19175
./croped_image0/000005242.jpg,[1],19200
./croped_image0/000005243.jpg,[1],19225
./croped_image0/000005245.jpg,[1],19250
./croped_image0/000005251.jpg,[1],19275
./croped_image0/000005254.jpg,[1],19300
./croped_image0/000005255.jpg,[1],19325
./croped_image0/000005256.jpg,[1],19350
./croped_image0/000005257.jpg,[1],19375
./croped_image0/000005268.jpg,[1],19400
./croped_image0/000005269.jpg,[1],19425
./croped_image0/000005279.jpg,[1],19450
./croped_image0/000005280.jpg,[1],19475
./croped_image0/000005281.jpg,[1],19500
./croped_image0/000005282.jpg,[1],19525
./croped_image0/000005283.jpg,[1],19550
./croped_image0/000005286.jpg,[1],19575
./croped_image0/000005292.jpg,[1],19600
./croped_image0/000005294.jpg,[1],19625
./croped_image0/000005295.jpg,[1],19650
./croped_image0/000005296.jpg,[1],19675
./croped_image0/000005297.jpg,[1],19700
./croped_image0/000005308.jpg,[1],19725
./croped_image0/000005309.jpg,[1],19750
./croped_image0/000005319.jpg,[1],19775
./croped_image0/000005320.jpg,[1],19800
./croped_image0/000005321.jpg,[1],19825
./croped_image0/000005322.jpg,[1],19850
./croped_image0/000005323.jpg,[1],19875
./croped_image0/000005325.jpg,[1],19900
./croped_image0/000005331.jpg,[1],19925
./croped_image0/000005334.jpg,[1],19950
./croped_image0/000005335.jpg,[1],19975
./croped_image0/000005336.jpg,[1],20000
./croped_image0/000005337.jpg,[1],20025
./croped_image0/000005443.jpg,[1],20050
./croped_image0/000005444.jpg,[1],20075
./croped_image0/000005445.jpg,[1],20100
./croped_image0/000005446.jpg,[1],20125
./croped_image0/000005447.jpg,[1],20150
./croped_image0/000005450.jpg,[1],20175
./croped_image0/000005451.jpg,[1],20200
./croped_image0/000005452.jpg,[1],20225
./croped_image0/000005453.jpg,[1],20250
./croped_image0/000005457.jpg,[1],20275
./croped_image0/000005478.jpg,[1],20300
./croped_image0/000005479.jpg,[1],20325
./croped_image0/000005480.jpg,[1],20350
./croped_image0/000005484.jpg,[1],20375
./croped_image0/000005485.jpg,[1],20400
./croped_image0/000005486.jpg,[1],20425
./croped_image0/000005487.jpg,[1],20450
./croped_image0/000005490.jpg,[1],20475
./croped_image0/000005491.jpg,[1],20500
./croped_image0/000005492.jpg,[1],20525
./croped_image0/000005493.jpg,[1],20550
./croped_image0/000005494.jpg,[1],20575
./croped_image0/000005518.jpg,[1],20600
./croped_image0/000005519.jpg,[1],20625
./croped_image0/000005523.jpg,[1],20650
./croped_image0/000005524.jpg,[1],20675
./croped_image0/000005525.jpg,[1],20700
./croped_image0/000005526.jpg,[1],20725
./croped_image0/000005527.jpg,[1],20750
./croped_image0/000005530.jpg,[1],20775
./croped_image0/000005531.jpg,[1],20800
./croped_image0/000005532.jpg,[1],20825
./croped_image0/000005533.jpg,[1],20850
./croped_image0/000005537.jpg,[1],20875
./croped_image0/000005641.jpg,[1],20900
./croped_image0/000005644.jpg,[1],20925
./croped_image0/000005645.jpg,[1],20950
./croped_image0/000005646.jpg,[1],20975
./croped_image0/000005647.jpg,[1],21000
./croped_image0/000005650.jpg,[1],21025
./croped_image0/000005651.jpg,[1],21050
./croped_image0/000005652.jpg,[1],21075
./croped_image0/000005653.jpg,[1],21100
./croped_image0/000005655.jpg,[1],21125
./croped_image0/000005669.jpg,[1],21150
./croped_image0/000005678.jpg,[1],21175
./croped_image0/000005679.jpg,[1],21200
./croped_image0/000005682.jpg,[1],21225
./croped_image0/000005684.jpg,[1],21250
./croped_image0/000005685.jpg,[1],21275
./croped_image0/000005686.jpg,[1],21300
./croped_image0/000005687.jpg,[1],21325
./croped_image0/000005690.jpg,[1],21350
./croped_image0/000005691.jpg,[1],21375
./croped_image0/000005692.jpg,[1],21400
./croped_image0/000005693.jpg,[1],21425
./croped_image0/000005696.jpg,[1],21450
./croped_image0/000005718.jpg,[1],21475
./croped_image0/000005719.jpg,[1],21500
./croped_image0/000005724.jpg,[1],21525
./croped_image0/000005725.jpg,[1],21550
./croped_image0/000005726.jpg,[1],21575
./croped_image0/000005727.jpg,[1],21600
./croped_image0/000005730.jpg,[1],21625
./croped_image0/000005731.jpg,[1],21650
./croped_image0/000005732.jpg,[1],21675
./croped_image0/000005733.jpg,[1],21700
./croped_image0/000005848.jpg,[1],21725
./croped_image0/000005849.jpg,[1],21750
./croped_image0/000005860.jpg,[1],21775
./croped_image0/000005861.jpg,[1],21800
./croped_image0/000005862.jpg,[1],21825
./croped_image0/000005863.jpg,[1],21850
./croped_image0/000005866.jpg,[1],21875
./croped_image0/000005872.jpg,[1],21900
./croped_image0/000005874.jpg,[1],21925
./croped_image0/000005875.jpg,[1],21950
./croped_image0/000005876.jpg,[1],21975
./croped_image0/000005877.jpg,[1],22000
./croped_image0/000005888.jpg,[1],22025
./croped_image0/000005889.jpg,[1],22050
./croped_image0/000005899.jpg,[1],22075
./croped_image0/000005900.jpg,[1],22100
./croped_image0/000005901.jpg,[1],22125
./croped_image0/000005902.jpg,[1],22150
./croped_image0/000005903.jpg,[1],22175
./croped_image0/000005914.jpg,[1],22200
./croped_image0/000005915.jpg,[1],22225
./croped_image0/000005916.jpg,[1],22250
./croped_image0/000005917.jpg,[1],22275
./croped_image0/000005928.jpg,[1],22300
./croped_image0/000005929.jpg,[1],22325
./croped_image0/000006002.jpg,[1],22350
./croped_image0/000006004.jpg,[1],22375
./croped_image0/000006005.jpg,[1],22400
./croped_image0/000006006.jpg,[1],22425
./croped_image0/000006007.jpg,[1],22450
./croped_image0/000006010.jpg,[1],22475
./croped_image0/000006011.jpg,[1],22500
./croped_image0/000006012.jpg,[1],22525
./croped_image0/000006013.jpg,[1],22550
./croped_image0/000006016.jpg,[1],22575
./croped_image0/000006038.jpg,[1],22600
./croped_image0/000006039.jpg,[1],22625
./croped_image0/000006158.jpg,[1],22650
./croped_image0/000006159.jpg,[1],22675
./croped_image0/000006162.jpg,[1],22700
./croped_image0/000006164.jpg,[1],22725
./croped_image0/000006165.jpg,[1],22750
./croped_image0/000006166.jpg,[1],22775
./croped_image0/000006167.jpg,[1],22800
./croped_image0/000006170.jpg,[1],22825
./croped_image0/000006171.jpg,[1],22850
./croped_image0/000006172.jpg,[1],22875
./croped_image0/000006173.jpg,[1],22900
./croped_image0/000006176.jpg,[1],22925
./croped_image0/000006189.jpg,[1],22950
./croped_image0/000006198.jpg,[1],22975
./croped_image0/000006199.jpg,[1],23000
./croped_image0/000006204.jpg,[1],23025
./croped_image0/000006205.jpg,[1],23050
./croped_image0/000006206.jpg,[1],23075
./croped_image0/000006207.jpg,[1],23100
./croped_image0/000006210.jpg,[1],23125
./croped_image0/000006211.jpg,[1],23150
./croped_image0/000006212.jpg,[1],23175
./croped_image0/000006213.jpg,[1],23200
./croped_image0/000006238.jpg,[1],23225
./croped_image0/000006239.jpg,[1],23250
./croped_image0/000006348.jpg,[1],23275
./croped_image0/000006358.jpg,[1],23300
./croped_image0/000006359.jpg,[1],23325
./croped_image0/000006360.jpg,[1],23350
./croped_image0/000006364.jpg,[1],23375
./croped_image0/000006365.jpg,[1],23400
./croped_image0/000006366.jpg,[1],23425
./croped_image0/000006367.jpg,[1],23450
./croped_image0/000006370.jpg,[1],23475
./croped_image0/000006371.jpg,[1],23500
./croped_image0/000006372.jpg,[1],23525
./croped_image0/000006373.jpg,[1],23550
./croped_image0/000006374.jpg,[1],23575
./croped_image0/000006398.jpg,[1],23600
./croped_image0/000006399.jpg,[1],23625
./croped_image0/000006400.jpg,[1],23650
./croped_image0/000006401.jpg,[1],23675
./croped_image0/000006402.jpg,[1],23700
./croped_image0/000006403.jpg,[1],23725
./croped_image0/000006406.jpg,[1],23750
./croped_image0/000006412.jpg,[1],23775
./croped_image0/000006414.jpg,[1],23800
./croped_image0/000006415.jpg,[1],23825
./croped_image0/000006416.jpg,[1],23850
./croped_image0/000006417.jpg,[1],23875
./croped_image0/000006428.jpg,[1],23900
./croped_image0/000006429.jpg,[1],23925
./croped_image0/000006548.jpg,[1],23950
./croped_image0/000006549.jpg,[1],23975
./croped_image0/000006560.jpg,[1],24000
./croped_image0/000006561.jpg,[1],24025
./croped_image0/000006562.jpg,[1],24050
./croped_image0/000006563.jpg,[1],24075
./croped_image0/000006574.jpg,[1],24100
./croped_image0/000006575.jpg,[1],24125
./croped_image0/000006576.jpg,[1],24150
./croped_image0/000006577.jpg,[1],24175
./croped_image0/000006588.jpg,[1],24200
./croped_image0/000006589.jpg,[1],24225
./croped_image0/000006600.jpg,[1],24250
./croped_image0/000006601.jpg,[1],24275
./croped_image0/000006602.jpg,[1],24300
./croped_image0/000006603.jpg,[1],24325
./croped_image0/000006604.jpg,[1],24350
./croped_image0/000006610.jpg,[1],24375
./croped_image0/000006614.jpg,[1],24400
./croped_image0/000006615.jpg,[1],24425
./croped_image0/000006616.jpg,[1],24450
./croped_image0/000006617.jpg,[1],24475
./croped_image0/000006628.jpg,[1],24500
./croped_image0/000006629.jpg,[1],24525
./croped_image0/000006638.jpg,[1],24550
./croped_image0/000006748.jpg,[1],24575
./croped_image0/000006749.jpg,[1],24600
./croped_image0/000006758.jpg,[1],24625
./croped_image0/000006760.jpg,[1],24650
./croped_image0/000006761.jpg,[1],24675
./croped_image0/000006762.jpg,[1],24700
./croped_image0/000006763.jpg,[1],24725
./croped_image0/000006764.jpg,[1],24750
./croped_image0/000006770.jpg,[1],24775
./croped_image0/000006774.jpg,[1],24800
./croped_image0/000006775.jpg,[1],24825
./croped_image0/000006776.jpg,[1],24850
./croped_image0/000006777.jpg,[1],24875
./croped_image0/000006788.jpg,[1],24900
./croped_image0/000006789.jpg,[1],24925
./croped_image0/000006818.jpg,[1],24950
./croped_image0/000006819.jpg,[1],24975
./croped_image0/000006823.jpg,[1],25000
./croped_image0/000006824.jpg,[1],25025
./croped_image0/000006825.jpg,[1],25050
./croped_image0/000006826.jpg,[1],25075
./croped_image0/000006827.jpg,[1],25100
./croped_image0/000006830.jpg,[1],25125
./croped_image0/000006831.jpg,[1],25150
./croped_image0/000006832.jpg,[1],25175
./croped_image0/000006833.jpg,[1],25200
./croped_image0/000006837.jpg,[1],25225
./croped_image0/000006943.jpg,[1],25250
./croped_image0/000006944.jpg,[1],25275
./croped_image0/000006945.jpg,[1],25300
./croped_image0/000006946.jpg,[1],25325
./croped_image0/000006947.jpg,[1],25350
./croped_image0/000006950.jpg,[1],25375
./croped_image0/000006951.jpg,[1],25400
./croped_image0/000006952.jpg,[1],25425
./croped_image0/000006953.jpg,[1],25450
./croped_image0/000006957.jpg,[1],25475
./croped_image0/000006978.jpg,[1],25500
./croped_image0/000006979.jpg,[1],25525
./croped_image0/000006980.jpg,[1],25550
./croped_image0/000006984.jpg,[1],25575
./croped_image0/000006985.jpg,[1],25600
./croped_image0/000006986.jpg,[1],25625
./croped_image0/000006987.jpg,[1],25650
./croped_image0/000006990.jpg,[1],25675
./croped_image0/000006991.jpg,[1],25700
./croped_image0/000006992.jpg,[1],25725
./croped_image0/000006993.jpg,[1],25750
./croped_image0/000006994.jpg,[1],25775
./croped_image0/000007042.jpg,[1],25800
./croped_image0/000007044.jpg,[1],25825
./croped_image0/000007045.jpg,[1],25850
./croped_image0/000007046.jpg,[1],25875
./croped_image0/000007047.jpg,[1],25900
./croped_image0/000007050.jpg,[1],25925
./croped_image0/000007051.jpg,[1],25950
./croped_image0/000007052.jpg,[1],25975
./croped_image0/000007053.jpg,[1],26000
./croped_image0/000007056.jpg,[1],26025
./croped_image0/000007078.jpg,[1],26050
./croped_image0/000007079.jpg,[1],26075
./croped_image0/000007081.jpg,[1],26100
./croped_image0/000007084.jpg,[1],26125
./croped_image0/000007085.jpg,[1],26150
./croped_image0/000007086.jpg,[1],26175
./croped_image0/000007087.jpg,[1],26200
./croped_image0/000007090.jpg,[1],26225
./croped_image0/000007091.jpg,[1],26250
./croped_image0/000007092.jpg,[1],26275
./croped_image0/000007093.jpg,[1],26300
./croped_image0/000007095.jpg,[1],26325
./croped_image0/000007118.jpg,[1],26350
./croped_image0/000007119.jpg,[1],26375
./croped_image0/000007124.jpg,[1],26400
./croped_image0/000007125.jpg,[1],26425
./croped_image0/000007126.jpg,[1],26450
./croped_image0/000007127.jpg,[1],26475
./croped_image0/000007130.jpg,[1],26500
./croped_image0/000007131.jpg,[1],26525
./croped_image0/000007132.jpg,[1],26550
./croped_image0/000007133.jpg,[1],26575
./croped_image0/000007240.jpg,[1],26600
./croped_image0/000007244.jpg,[1],26625
./croped_image0/000007245.jpg,[1],26650
./croped_image0/000007246.jpg,[1],26675
./croped_image0/000007247.jpg,[1],26700
./croped_image0/000007250.jpg,[1],26725
./croped_image0/000007251.jpg,[1],26750
./croped_image0/000007252.jpg,[1],26775
./croped_image0/000007253.jpg,[1],26800
./croped_image0/000007254.jpg,[1],26825
./croped_image0/000007268.jpg,[1],26850
./croped_image0/000007278.jpg,[1],26875
./croped_image0/000007279.jpg,[1],26900
./croped_image0/000007283.jpg,[1],26925
./croped_image0/000007284.jpg,[1],26950
./croped_image0/000007285.jpg,[1],26975
./croped_image0/000007286.jpg,[1],27000
./croped_image0/000007287.jpg,[1],27025
./croped_image0/000007290.jpg,[1],27050
./croped_image0/000007291.jpg,[1],27075
./croped_image0/000007292.jpg,[1],27100
./croped_image0/000007293.jpg,[1],27125
./croped_image0/000007297.jpg,[1],27150
./croped_image0/000007308.jpg,[1],27175
./croped_image0/000007318.jpg,[1],27200
./croped_image0/000007319.jpg,[1],27225
./croped_image0/000007320.jpg,[1],27250
./croped_image0/000007324.jpg,[1],27275
./croped_image0/000007325.jpg,[1],27300
./croped_image0/000007326.jpg,[1],27325
./croped_image0/000007327.jpg,[1],27350
./croped_image0/000007330.jpg,[1],27375
./croped_image0/000007331.jpg,[1],27400
./croped_image0/000007332.jpg,[1],27425
./croped_image0/000007333.jpg,[1],27450
./croped_image0/000007334.jpg,[1],27475
./croped_image0/000007440.jpg,[1],27500
./croped_image0/000007441.jpg,[1],27525
./croped_image0/000007442.jpg,[1],27550
./croped_image0/000007443.jpg,[1],27575
./croped_image0/000007446.jpg,[1],27600
./croped_image0/000007452.jpg,[1],27625
./croped_image0/000007454.jpg,[1],27650
./croped_image0/000007455.jpg,[1],27675
./croped_image0/000007456.jpg,[1],27700
